Rank,Owner Address,Holding Unit,Holding Tokens,Holding %
1,bc1p2xnahmjcjsjq8yhakxfepcaay554tgn9swkwsz904lwg2zek3ueq2u6s8z,751,751000,3.5762%
2,bc1qqf5ljc66f5qj69ptu8sz8r9yxyd46hhnrh7xfz,720,720000,3.4286%
3,bc1pstwuu8w5j3thh5wme98z8dn44zfxmee8jnywlxzvzqlqfx9r9hqqump5vt,400,400000,1.9048%
4,bc1p6ypn9hgnahxjehqgep6x8jqarawesg53fjm0leneqqdgmu9s27uqkqumhn,339,339000,1.6143%
5,bc1pamvuf45gxfpqurlsdeme8qtjurmdk8e4rk9vpw9mdqp25yxc4cxqr5znce,300,300000,1.4286%
6,bc1qss0e0s7kpfrm8uqaax4jy93ss3xf3z0wc4lkdq,300,300000,1.4286%
7,bc1pym8lntdrpmgllu37dnrwzzugsyw6gh9njerqr5vc2crvv5sxpjdqpndwmz,300,300000,1.4286%
8,bc1q4qxq3u5kmscvhymg46afwq2el24y7fhf4hx802,240,240000,1.1429%
9,bc1pr63vlv9p3rp46w62han2jzhtw6g0zcv82ut9urymzt7x4vms4jqs4lxrc9,240,240000,1.1429%
10,bc1qux275ml5p420mtv5v5qc4dhq2vwwzllecvhr2y,225,225000,1.0714%
11,bc1p7ntxl3a30p7mu47ax6mye3620fy9x8aqa0nqsux7lj62mgk70tfs83a885,223,223000,1.0619%
12,bc1p7mh5r8z7z7stzuku9l5lrp5v8jkvuae3yk6j97ru577k4hgslwyq2r7we3,210,210000,1.0000%
13,bc1psu6hcst86yjesctg49myjvskamus348ejgn7wepfq072xf97a02ssry8aq,201,201000,0.9571%
14,bc1q29fw2fj980jgzdxtl9fzwwmwuya8nvmuj6nunf,200,200000,0.9524%
15,bc1p7jxnlcxf27yrh6fy6tthxv6qg9ms3ecurytz7nznwtw9ztnq9qxqwsevl8,200,200000,0.9524%
16,bc1qwsyjqfd6akfp3p07y83mnywzaz47dyc30l5r0m,200,200000,0.9524%
17,bc1pgmdrcf7e9n3ztm7egasr5sg70qemeqqjjzsl4pqchacl9qeqq86sru4fcw,194,194000,0.9238%
18,bc1pfvlf8syg7xvpg3gr84mm9dxw8gqkma0rkhd50ptx3gs44nvj5hpsgvrwgc,188,188000,0.8952%
19,bc1qv3r0r9hseeqq96urr6vvqt2enfmp0p92rw7eju,180,180000,0.8571%
20,bc1qkgcwy0crnsx7q92kg2jmtfkum8awng5yt7tkqm,180,180000,0.8571%
21,bc1peztavg5y638qn8mn03hjzd8pk22p6umnyhq8jx920zddxxf5sszsdfeff8,158,158000,0.7524%
22,bc1p32phtl6xvm863w38ae9jvexgz4ymj0p3a7n97kr6u5qefeuph2dsw7e32g,148,148000,0.7048%
23,bc1p46azgz2a0c9k8r0ph8pnyul2d276m9avpms9l286khyg8w28rgjqm8cdd5,144,144000,0.6857%
24,bc1pgaz4zj3vs7qdspvmnf7cvavdhptj48q2ls0gn70nla9l0nqmvdksal9wws,144,144000,0.6857%
25,bc1p2gwkgghpst7dtsh8hhdt2czr64rygxsyupexv3nkhxcea2je7rxqfjfsx9,143,143000,0.6810%
26,bc1qt0g9zwvvpr5xvm5dnpzrdr7wvcwccea83r5z82,143,143000,0.6810%
27,bc1p3285s2c8fjutrmhaur0ay4ltk9gx7nyslp5v67gpdu7zwkm50ecsay9mzw,143,143000,0.6810%
28,bc1qj576edzywff4dhute2htq62dj9rxdw3kzf3fqj,143,143000,0.6810%
29,bc1qsdyajxd9kfvxucmrvfe30te65a03qkv6w4aeme,143,143000,0.6810%
30,bc1p8sd5xz5kxevtucmv3h67x5rcyp3dktktmv05pln3l49t3aahxq0q85qndn,143,143000,0.6810%
31,bc1pp5pn9h8kew8dntr8cya49w0yaga75arrupkcdgjg62l86vnjj9qqry0grk,138,138000,0.6571%
32,bc1pyvgzy32lzhzajs8g8ml3jqffps66n042k46lmshy2w55t499snks0fzdpu,137,137000,0.6524%
33,bc1p6js0n9ej5sf6cnfdthwec4uwtv7tmc6n06w3z4ac3x94prlzu9ss8mdfvk,123,123000,0.5857%
34,bc1pqvy3c6gxs2t4ffrhewv5rwppql5ecveru8h2eyskwqtx2gtsqh8svds4qc,120,120000,0.5714%
35,bc1p6a9qytenjm0plgs7h8knk6numgyls2uwmnvg2percq2wp2h54u3s48sehx,120,120000,0.5714%
36,bc1pqxq0fj5mzatr4fl4x42dcdll6tz8grkk9tngfty2k9kvsmvsvzps0v0t7d,120,120000,0.5714%
37,bc1pr4mj8ptpqgy97ha44qfxc65060ep097ulg6u5q69y8r2fa5fmmyszu28sv,120,120000,0.5714%
38,bc1pkvywseagv36qp55tn6wegjh980m68n46lefpscda66udau2vdv3q5j2clz,120,120000,0.5714%
39,bc1p26pjvmz232j3xh7zkcvz94xqlgyuj4g9zf7dus76assdvwek2ndqdcaqzy,120,120000,0.5714%
40,bc1pgvl230nwk6yqcq57rn3v8h5pkt7k0pq2ery4xk29esrd3us3xyzqzcn8lz,120,120000,0.5714%
41,bc1q3aamq2lgv6qfmpk5yaxfq9fewke2wvv0c537ae,120,120000,0.5714%
42,bc1p059j440fna6my0mx5l7mt39lxdcsv3kmzcllhgrcjd5xg8ns0cjqe2yjqv,114,114000,0.5429%
43,bc1pxvd4fle207w0cjuw2eut7dsl3m0z5zd0yeanh3pp6068s67nsrlsq4ml7e,113,113000,0.5381%
44,bc1p9ckcepzljrv8glr8jtsjcukxcn2w93qgsv5us0pwxxfcl4yax9vqr3ak57,110,110000,0.5238%
45,bc1pv3dmhwkqwxj69fezatmwffnddacwmc9z99j2e4pjvez3pzpkhjksd0q65l,102,102000,0.4857%
46,bc1pk9swa9k56m8e36kllqn98jugve0d2jt00d0ahh7wvsg39p2ef3rqet6tmy,100,100000,0.4762%
47,bc1pprl3xre38zyf3n2qj53l77zsjy9c4p0ctuvd6l2p8d0rwqxhxahqg4seay,100,100000,0.4762%
48,bc1p6auqxwcpfynqf977j8x7466yhxgvsk55lpjrd8jpcl4jt5xrysmq3qh08s,100,100000,0.4762%
49,bc1pm58fw3vyexd754kwzpckdh77hehgh5urjcp6tgcjq52x58yfgn3sp2vv2f,100,100000,0.4762%
50,bc1pnagtj63hjydh833jx448r842h750z8zkp2jf285fuuwr5qg0hx5qjhr65q,100,100000,0.4762%
51,bc1pvspxa7ztg0estmdyvlm9nqfp99vyl3ephs0z9qeu9w3pfhzjj8msjptsqm,100,100000,0.4762%
52,bc1pacp9qpeamr48nf48000vl55mgph2s20d3wg5zm4dtznqhcwy5jjshha6fq,100,100000,0.4762%
53,bc1pwnct8zylmee5pg7vcz4jaqwfugctl2zyr9m96yk8lwsr7l94p4ns0rtt04,100,100000,0.4762%
54,bc1ps00hv5jceyaaz07l9y9ze5c920qnladd3axs04antj44frza2jjqvf5vus,100,100000,0.4762%
55,bc1p24sns7tgfs04xqrnh2du7lwc39rqw4lk70htm0k00ph239yd7c8q309844,100,100000,0.4762%
56,bc1pt7t5j542zumw446qpacw5khvrnnf6p90sqm52v4lvdp0jc8tqx0qj4fnjz,100,100000,0.4762%
57,bc1paer7rxsxgwclxpmpu29f7p0gm290v8w7s9w6nyj34qlrepeykmlsuv8zcv,100,100000,0.4762%
58,bc1pvu2t3mwd7nu3gg0mz8e0757z0sx5r2pzpcvaul6yvrvl57dqtk7qlqh0t6,100,100000,0.4762%
59,bc1pxm2pmmp0smwnz2e6qrz8dq8457tc72mn267trpwratsnmhqc6rssg982vq,100,100000,0.4762%
60,bc1p2jatkdptlrkf7m2qtzds22cu273rgq685atxtlmx5tehvgctxelsnj0ay5,100,100000,0.4762%
61,bc1p6tp4m06dsyanek03f2u8gxr2xytnu43q3xgwg50945ns5fer9yfqm3thr2,100,100000,0.4762%
62,bc1pr9u2glg07040hcmt6h9gc0406uqdp89smemlc55g6ehjachc73dqy9vwpl,100,100000,0.4762%
63,bc1p2m8cvdugae89mm84pfu27usy3uq4hddhu7myzyzwnfjh0m3zyqvsmdzsu2,100,100000,0.4762%
64,bc1pnpfgltdu6mjcesyt50fcvazc7slw2dz2w7wkvq7v4pd9n2waw64q74lu0y,99,99000,0.4714%
65,bc1qxd2e3n7fam9vll78u8wnnpjfy5pe7ek9ac4m2m,96,96000,0.4571%
66,bc1px0fc902xaqvxaz2z904dqmn3vneyqxq487wgcwr26y5pe358mxrs7thd8t,95,95000,0.4524%
67,bc1p807nq87k7udqjf60d8dwp2e7xtg5wnvqds489068tdrg3l7udwwssy7esx,95,95000,0.4524%
68,bc1p2s4970pp5dy549nswrrzyw395qycpe3ngdhn7q3rc4572cld7gnsec3vcr,92,92000,0.4381%
69,1GvcWkpdyYEy626mcQHzoSobdry2SDcpdK,92,92000,0.4381%
70,bc1pje53nv3355sr9g5kfncvshcvxd6yyja7cy6lstgufcyvraexx78q4cddse,92,92000,0.4381%
71,bc1p57t8z3h5ejdmww7kfkrak7ugv3ttxwrtduk5pzv7u2rfh666ve2qlvmpj8,91,91000,0.4333%
72,bc1p9z3c0e74gv0hzjaxannvmzen3v5ze8989wual8put5uzxklgqj3qr4aent,90,90000,0.4286%
73,bc1pr4mq9wk2zhczhqga4fncj6uld832r7544heqd3vxec7ah0yrqryssn3dfk,90,90000,0.4286%
74,16sk48U1X5aQWZVjDseqVWzBHFfH64RHxH,90,90000,0.4286%
75,17MD3S5oeZWga1hsscgkijEWUqXyVpL53X,90,90000,0.4286%
76,1DEdAg3eC7PFHQi1Hpx9de8J2Uk3Ud4E3f,90,90000,0.4286%
77,1FKc9DqrHaCFcp2RzBGGMHvdz8oQNoBsYZ,90,90000,0.4286%
78,bc1pgfnrydslvv9vdzp5xss9h8etjtm06ae0j0ma2a7g3qjs25usc69ss62rzz,87,87000,0.4143%
79,bc1p99dwd95ydz2xc0k753la0lyz66v4mmmqky4zv30gqyrdzemx6lls7fsgvf,87,87000,0.4143%
80,bc1p5psq0q50rcklj69zhnu7saz7qnxr3v8grgfyyuph8ch2jy5f8vcqkh5pz0,86,86000,0.4095%
81,bc1plq5qn9rd6hhqymq3tclynmew80j906wpt3x9cs3dmhdqe4t7rasq5kvc9n,84,84000,0.4000%
82,bc1pyr2rzuh4f5umq5zcgpxnm2efpg8fqw2w2dgm6tuk6t4w7jj2zvwqa4hku7,83,83000,0.3952%
83,bc1pyjd2jxfy4yr97pfx0nynyw4slsrmgeq64xzjsneh2fcxdjtdnnxsuyekfx,81,81000,0.3857%
84,bc1qdxpuzu8jlk4scq6nq8ya0h054pfyhwyndt5prx,80,80000,0.3810%
85,bc1pqmrjnfxmq35tydzpztjtv4pn0q0dvvqjlqkent7d73qez393d3rsyytugr,80,80000,0.3810%
86,bc1pn99u9rm8wxxaueyg6fhur90mczrh8zuthptkvg6dztaa5kfq7hasmujmjp,80,80000,0.3810%
87,bc1pk66ku3phxj9wh6sxh23mv68jmgencwl4uq4458mvrvmwqtydrmsq6zdvku,80,80000,0.3810%
88,bc1pturvq2jaa8xjstcycwu660s440rr4sldy85zv8d5ne5deqggm48sz072j0,79,79000,0.3762%
89,bc1q2l3f823772lfkgm2xuwwau8kxej8cytsr3yy7k,78,78000,0.3714%
90,bc1p3vadm5ufl4sa6veerq55wzck2phnnw8sytjv4fdhjnqjk0zjglrsvclnkd,75,75000,0.3571%
91,bc1pks4xwarrnjg2kjs3vj6rhy2hmqm4amd7exhz0agzf8g8tg3vshksgxa4uf,70,70000,0.3333%
92,bc1py7x6gy2s9pgs0s48pg8qruqlx269fpqwrck0kdklx6p2l2heqrpq6mf54a,70,70000,0.3333%
93,bc1p7zg3zzecv8djrfsxuwl9chs7wmkje6exa7u567np6j8uqwck39uq56u95t,70,70000,0.3333%
94,bc1phfr3zy98ep5ckjfdlpr8aag5ykfpkptlqphku5qkhcgjhhqalzxs00y29m,70,70000,0.3333%
95,bc1p5ha4tmn3t9x9ck8c3k4fvkjtjz4nh9zdpdmfvmwmhad63drxp5rstqrrew,69,69000,0.3286%
96,bc1pj5rhf8rdgf4uca3c86xjlhul6pk50r728qfp9r6x9drm4cryn3eq5ym8cj,69,69000,0.3286%
97,bc1p353jt3m0nr3vwaua6h39gn5p95m7ft3av4227cxsgxzv3z7jmulqr35kvr,67,67000,0.3190%
98,13e91CXwX8NnW2VrkKGrAds5mSMNw3Lyxq,64,64000,0.3048%
99,bc1pvc3lt8ejsxfwh8u98k2vglc699nkxjd9rk5x8e4mvwqqym4ftftsm8nqq9,63,63000,0.3000%
100,bc1p9yjuck07neupe6n02qkfkuxys9qsuqd5acykch6g8tcq55y6gvjqp6hpza,63,63000,0.3000%
101,bc1pd7sdzh8pqhjzpsp4t7gj87z7k4w7gjuasrka4rgzlrefjk6nrumsghjy8r,63,63000,0.3000%
102,bc1pdx8kh5vylfq4jhe0qays2l7qtfkzdu50r4pcsax7acr8hvyaarjqeqc73n,60,60000,0.2857%
103,bc1phvaphrhx8rvuhmjjps773pvhx7du3kdy90reh0vuqp8qa9g2q55qn74w6q,60,60000,0.2857%
104,bc1p93l2an6za6alg6sz40qfsh2hruf65t5g2zyrz4hv4hc89hm9lp2q3awp37,60,60000,0.2857%
105,bc1pkca8ykwwnkxtdddsxezcqcxnrcr7pxnsunddfexejqysx83lgtmqzmj2ac,60,60000,0.2857%
106,bc1qkuhu3dehs92p56s3qrsk37q56da4ent6w0yzgz,59,59000,0.2810%
107,bc1qhazlsegwemvn2trycl5tm8xyfg9wcfmtvpr6mv,55,55000,0.2619%
108,bc1pkrj9d9gtvqvp5sfknkkrqhruudpallaycfy6y5uf5wz6yxg64vqqrewxh7,54,54000,0.2571%
109,bc1qjxf2cjcfzcfzry4tzp90xkuzqwehzugg8pguy7,53,53000,0.2524%
110,bc1pelztjkdpk0a7wperr3uf25vmrp0x68jqmgs3v2xexg2xz42zgf8qqmg8g4,50,50000,0.2381%
111,bc1p5cc4zpxzrg86trl9tvudr0cr06shvftqvf2w0dlem2c5fdh0mcjs4kl0ar,50,50000,0.2381%
112,bc1pjymm8wvr8h8r9ets3fvxsnce627jcrlpsgdzcaqqka93g2s5qcuss0rlpj,50,50000,0.2381%
113,bc1pvae0ejf9j58m8xjm6m57tzk9mgjcvfrg2vu5afglna7czz9quffq49yets,50,50000,0.2381%
114,bc1p9f4qx95h25ljzc9ydxc8wu4mmytqqyca30xxcy548pgfegk5eheqjkhwvz,48,48000,0.2286%
115,bc1p76em9h2m2ry4edhdmvzghxkee2usma3h8swspw0wdzuct6wj6wzs9gfdmg,48,48000,0.2286%
116,bc1pehge54uv5uluuw4wge4ethngufqctjn60lpmuzpxregn2dw2s4kqhranyy,48,48000,0.2286%
117,bc1p3qeez059jm2py50hpnep57gxf9qcnd5m4gaa5at3kcw3sru6gwnsxm85jn,48,48000,0.2286%
118,bc1pu0jn3zqzatr2wu2e90dnz8synfrqqcvx86z8257xv4r7ujkn7eyqxp0y8y,48,48000,0.2286%
119,bc1ps4eg8jw0dc268ycdj8drk908qxtkrm2ja4548j2dsxutzygfd5wqw7f3qc,47,47000,0.2238%
120,bc1pplmj5vj2u3ggf9094u2stxktezunp5u3r2lvdv0rrklqsqjmrs4qer68dt,47,47000,0.2238%
121,bc1pelrh5jwar5lvzg04qxwqqg4dstsglkj5u6hvw4yv82d43l2natdspxkyt4,47,47000,0.2238%
122,bc1p4398r3kuxf26z2fklfa8g2ny2skl3c22j5uzsnwf58d9qh56725syvyzth,46,46000,0.2190%
123,bc1ppuxdxpvw0nrskev4sv6ankca8nwl3kf626xe0rd9grv0ujffux3s3gyw05,46,46000,0.2190%
124,bc1pmmcdhl8hqlz8ah5qm837yhgf74kmdlrwszrhdmrqg2h75v4we2nqma8jn8,46,46000,0.2190%
125,bc1ps76u3tkte89vugg0yeus5lzhx0teyff2nyy9v3lcv9wupcgm2hzsv4w8c0,46,46000,0.2190%
126,bc1pp4f34xthys32wssu9gktyln6umzdqpzp2cy2lnc8nfe2ruzmas2qgf88dj,46,46000,0.2190%
127,bc1pgp0a46vufwazk4ly24adfmp5dq3yzxt88relf5wp38r3jnhq7e4s53xz6w,46,46000,0.2190%
128,bc1pkvzmmcvta24adk07jsf04ucxjfh2ur2mlxt5zgck0l0gfz53pp0s5m0pu3,46,46000,0.2190%
129,bc1p8nlg2qxttzcyuy9fxm73clkt44vsqjnj84338lqvf8at496rl3uqu5ljs7,46,46000,0.2190%
130,bc1pxsdwh7jfd9guklvlpf63zmx6vcdg2jgdq6pfu88p6cx8f4662e8qry5rm8,46,46000,0.2190%
131,bc1p97ug250vh00pstdyhm47f7s8vn2cnh732epmv67kc0kv6w4ujqqqqjkf20,46,46000,0.2190%
132,bc1pdfl2ejngnvnr8xpsrhu3va0tsn25q709n0gu60eg57rtlsgd8elqdldh6p,44,44000,0.2095%
133,bc1pl999wxgkeygpe26997r9fwd3v8vkmju48wp8spf2gx2p5t3nn5sqtpvsx2,43,43000,0.2048%
134,bc1pfpjf9aud3500hn6r7p2gc6q6y5cepnd5a5tunpperg64sheg4wkq49jqqt,43,43000,0.2048%
135,bc1pm76kz07ppx9hzcc0unrlvd0a5cnv09y5kaluvlwwpydjdkjfz6essuyse3,42,42000,0.2000%
136,bc1pq22ramhr39kzj4k9w7zcu3ywuhuqq6mv867gz8k3xaq2n7f7vj0sf2vf6t,42,42000,0.2000%
137,bc1p2mf96egapalludkze630tq932qq35scretr08rxsxhd9ea5j2xeq3nt7tl,42,42000,0.2000%
138,bc1pzvn7xqxhgx7j2qsnu90j2g4mta9g7wm6c86rxdn95785mga6kxtqj4cpq5,40,40000,0.1905%
139,bc1pfgzrefwc94q0szskwphcljumzashpm42n0y7pckgk0cq9tt8r4jq88ttys,40,40000,0.1905%
140,bc1pzgsw0m0hk6xu5e9yqa9c45794f8kqu4gde7ryhvyd620lltjg3kqv4hl54,40,40000,0.1905%
141,bc1p6ky0ny7dzvaees6f30nyxh3v5f0cpwrxfyw7xqr7dd5vz97vyxksps9672,40,40000,0.1905%
142,bc1pmt8axz3y6dkt0xaxlpgmzq76semjejuzc28axykncghv68xl8amqu8hjtk,40,40000,0.1905%
143,bc1q6rsley3jggty59700n2zu83hl2fc8306rzhskm,40,40000,0.1905%
144,bc1pd6zjnm9xlseyw4g9g8hwukgpk3eaxd5prpxdnz2ak3hphdem2drq95s8rz,40,40000,0.1905%
145,bc1pek6kayzu0awcrp7nfvrdu8824udek5jp6j6ulsctfrh55k67xjtskafrw7,40,40000,0.1905%
146,bc1phgnp6zwe63pssdfv5zjg4vzdqpxe050ltk2apsks9fs4p54nnres89veh9,40,40000,0.1905%
147,bc1pdevpqcnyfrsnlhhjrvxcf7zpwlgxm4ptqfppn35q9wlp06k6yq3sg8v3el,39,39000,0.1857%
148,bc1pwxpk6ryx8vh245pxa4c3uhmp5sz8g75n0dumvpk6tkum6u25w0gqw90kvs,39,39000,0.1857%
149,bc1qcn3us73zvq4t4fagl67pqqgrpfugxe2tqzh3wk,38,38000,0.1810%
150,bc1p95lty0hk8u2s6wwfdwn87897wjug6fn49pyr3w4hcrgcdvamrunsl7r296,38,38000,0.1810%
151,bc1pkvp98qp739sa84he0zclc37tspcdj84rqhyfcm9xv2m3w48rf5pqy9s8eq,38,38000,0.1810%
152,bc1ph3x9ncxh5lcu9zlhswqcv30vyfq0dnrnm037z7n9yxnec5vhce5qx4njjg,37,37000,0.1762%
153,bc1pxydd0yk5tnm3uw075mydh23mgrsuzmgrke9xhzdej0svxqgzj6aqfyetsf,37,37000,0.1762%
154,bc1psmyldsycvt9nxrrs5s6qppzzgndhlk5gcmtncwardpzk7zh3t62qcfv25q,35,35000,0.1667%
155,bc1qjkz363n4wmyf3nhyuh3gx342fktg6cquzlq8fm,35,35000,0.1667%
156,bc1p92d3a2hc9r669efppp0daz8z5tcemc7sk3t3hge7q2srt32d9wysa7pdln,34,34000,0.1619%
157,bc1pjaxf686z96c24f0rujfffpkedujrqfj44nn0jehschcu3agwkkjsnrdj5w,33,33000,0.1571%
158,bc1qe23v7nu5nlrdd057u04mldp20028s76fznvxxj,33,33000,0.1571%
159,bc1pw5cl3k8y2ha09gtmhk8cn5tfl0mmvkm6qgkp4lcn7q7yuxnnm8eq4juygy,32,32000,0.1524%
160,bc1pyzmszjn9avnrq5f30lt7ufwdmexvxvypt9hthgh2r488wrl6e26qtf6nly,31,31000,0.1476%
161,bc1pn066zc9t6qscnlazmd4we9ezrke0kx7tclkuraux5pyk9g5aurjsp7dk6y,31,31000,0.1476%
162,bc1p053ax9d4kkfqqkm2jk0vq7u7xmmh9cxk4ah94vrqppkecsxhq0ushmr2wz,30,30000,0.1429%
163,bc1p8xcd45ygzuasxhddkcv3gjl5dwe0lz0pkp3996hpj08awv9ndacq4w4v0v,30,30000,0.1429%
164,bc1put6flc445ga8jeh6pzzxcyd7uvrjs3muy8j5p2nsqka8dlkht05qlkeeph,30,30000,0.1429%
165,bc1pn8ncc2v9y3c7vnqmrqgf6szwe0lmm2z8t7a9czurddha9vf8luwqdz7lqv,30,30000,0.1429%
166,bc1p7zu35gngkcs3ajqnaxfkvg2xfp9ztqvshtpsfwg4e43dpq44d0lq8ms6y6,30,30000,0.1429%
167,bc1ph4zvp99jgpdaaz2rxmeqxfaz4w98xqktmmdaum0gegpjsqtv8e2sla8axm,30,30000,0.1429%
168,bc1pfdq58mmmadpllr8j3cmpkt8ptvucdlcnqv9x0nl7s5fqzx2vp2mqp82wn2,30,30000,0.1429%
169,bc1p28822pz3djcpugfx00spyvfdghws2n6ec5m9yle30jm8n5v6gqhsactfd6,29,29000,0.1381%
170,bc1ppcl8cwkewzhwg38surugq74wy4uhazp3v9vaj4x4ec9h7qr46acqj88ht9,29,29000,0.1381%
171,bc1pt8ck2c8n8ejgl547lg2zgvzjddl6j6gkkfnl7crzmg7mve3td7lsr6zjlf,26,26000,0.1238%
172,bc1p4ulurghm46vauz9yakscla53r4d0qn0c8wzrd8ep5g4hwn484c9quwf20r,26,26000,0.1238%
173,bc1qa7xvjzptnwksws0j9jxdqae0c9eh0sxqmcy555,26,26000,0.1238%
174,bc1pnd2mrf45vf4kc628wxyh8rtmhq4wxxah30nsafsh6peuv533qakqeulpz5,26,26000,0.1238%
175,bc1p50tu779akpxnsd4fdj50cy5xce794jj2e3n3ukz2v24r8snjzrhsk8ds02,26,26000,0.1238%
176,bc1pu4zwjnavmuyz3alrl4e82y8dm4dsquqkcvzpsr7ak85krpupmk3qjxlp5j,25,25000,0.1190%
177,bc1pgswc8c9ewl2vzuk3lkxxfxd36n4squfrcjvn4tuy8gvdsmmy7nusjmd4tn,25,25000,0.1190%
178,bc1pnlndtsevz5ngd66fv2u02j22xqt49gpfuygepjkkn23mzlqaj9ksxjvjst,25,25000,0.1190%
179,bc1pu5m03jhxns8a49lyqn0hrqndytrcdsyg990mrfwfvaj2cawnma5q5k95mf,25,25000,0.1190%
180,bc1phw8tjdttrrz5hsn636xm4ynghnjxtu2gnm6kew9rxyekgg6k279skt8fm5,25,25000,0.1190%
181,bc1ptj5c062dvegzsq2nl6ntcq06c7jy72n9w64k3lnaupvjwuf2zwnq02aqg0,25,25000,0.1190%
182,bc1p0ds50a2lf74qh28ad08k0zgr7jl4t6dp4f29vw6swyvwf5n7vuwsk74sh2,24,24000,0.1143%
183,bc1ph9h6tp79t78rqzyt039qyjfty0gg2apkagutay65dfql6xwk4nas60y77f,24,24000,0.1143%
184,bc1ped3vlfujus0a7gn2veg7d5fytmedfxsm8alllwkl5xnxxcqzs4rsql99pu,24,24000,0.1143%
185,bc1pkp8tl6x5g9jendxq3nl8hgqn8uyerey7wgk6dc2qvnwpxtczu0wqvecn0d,24,24000,0.1143%
186,bc1prdu973ew5vwtuddeaaxa4r6c5sw29gfupm2s64rrecd9ecuuh9ps8ppdvs,24,24000,0.1143%
187,bc1pa0q6l7nyej0dh588swm49j3ddgevgyuxe75s2qal8lv0drnw8epqde2pe2,24,24000,0.1143%
188,bc1p4cm4mdck06d2y9uhltxqk6kkee9y37pegflyvfhxg5a52u376x9qzu7mwc,24,24000,0.1143%
189,bc1pzd8mktg33hyvdn8csd8zdnl0hkgeumcj0ev27m428npgwvdhrt3s74tf7f,24,24000,0.1143%
190,bc1pxe3h5qcvwll23hhy5jd0c5nfh9kl6p93d0223gs4a7elq6nxmv0qfvxjaa,24,24000,0.1143%
191,bc1prcuu60v6apkctpvav5rkz0uge33sdpxxenykjag8ykgnfxxkx4lswkur3l,24,24000,0.1143%
192,bc1pdplkf6ruh2wppqy95f8wrcvdgcg0q2fjzdn059dwuz6zn59wsqcq52jsjd,24,24000,0.1143%
193,bc1pe2vwp6ghec8q8m6cv43ks9jmy94tr6pj7kfet0sh6j9cl7w4wtps4vfsa6,24,24000,0.1143%
194,bc1p08d66st5l46hhjgf027xqvmw2g42mkdkkwsp3zpm83lfc48amrwq74phj7,24,24000,0.1143%
195,bc1pqv8u5mp9t9da8xgrcp9anj8dwvjesd3wtg7l7q0p0tdxczaqz35qfv0f6e,24,24000,0.1143%
196,bc1pan47nqd9uhte9qa7jq7p6lyvewae7jp8k7xqanw9hg4k3lch77wqznv5el,24,24000,0.1143%
197,bc1pm2rdplpnyyyqwt2q75sg89vutcnuth57rzd4hg0saa7cett0lktsu3gxd6,24,24000,0.1143%
198,bc1pgs478fm2ntqud05v99qd6crezcqwkk8qj0kjq0vhdra84hw8q8tszu3w2q,24,24000,0.1143%
199,1TsqhkiSfWFyR7T93gsHy63K4QDUk8pUp,24,24000,0.1143%
200,bc1pddvgnpfcs068pl33grrwtu8kkz9gw2khcxewq9jqlgrda20z2t6qh326vz,24,24000,0.1143%
201,bc1p0c56uldrkz803a54ce4qu8cflfwh70pv60jv73xwueghkz0njgmsfchhe9,24,24000,0.1143%
202,bc1pa7sfz4d23atcwd74w76vxzavp03gykj9afyvyn38g37v3eule8fq46egut,24,24000,0.1143%
203,bc1pqupa5wm4heqe7g6t8w49vw34zn7h6wemefqc489djj8cavtu578s5j9gzr,24,24000,0.1143%
204,bc1pzv6dmuzkvd0r360eypt5d4kxhkmnm6ychg3j9rqeadqg4u0c5k7s82ggsn,24,24000,0.1143%
205,bc1pj0rntgk26rn8eeqj7x0czyz6yfwjs34edm8ttfcsa8carp3rq58sdvuxpe,24,24000,0.1143%
206,bc1pnjjeudwz4m6t9400dfuz3xaug4r6fvwk07t3d4xx0wm8fecsgd6qmgm2zl,24,24000,0.1143%
207,bc1p04y6feww3txfe6a0vvc7q5sr0pxqmtfq0uuz9tkhgqngzyvt0yyshtzxsj,24,24000,0.1143%
208,bc1p7rjprectdzflnjfd6274xpuvgyr3w3v5n55j0dydmqllwqlj8jnsu27zdr,24,24000,0.1143%
209,bc1ptmp7xx4ymmps79zquacwc24em6stzwlkdcnxl59g65g6zpuevhgqmmkylz,24,24000,0.1143%
210,bc1pk3vsn55jzxstrvky2z5exvc7pnfjxfd4lf65hm67edl99x9zqfks72r3qq,24,24000,0.1143%
211,bc1plhm6cwznvtzck6zrx5huew9tx9f63l0fg38cuktsdg2epkhktw8qd09csz,24,24000,0.1143%
212,bc1p25pu5w02gyuaagud9j552mjjd0tclglek2stepf746zsy6l77ynsdvexfu,24,24000,0.1143%
213,bc1pjjryhdcjhac45q42x34nj0xuggnjfc8rzylduzwhc8336k02uluqgq7a9q,24,24000,0.1143%
214,bc1p053rlt9622v2jra2zkh5r45947hyhz9fy8awhpsmxhnlek4vgj5s2wzkpu,24,24000,0.1143%
215,bc1q4v85235rjgd4ej5vzhy6u0yu24w033rnr4mgxn,24,24000,0.1143%
216,bc1puza0nk27v7n809g7hpyg35pc5d7578wsmeamjcsfx2eepl7wt94q7eye49,24,24000,0.1143%
217,1HJobhxR2uyfEh9ZRN9ZCoPfJGEpJjcRew,24,24000,0.1143%
218,bc1p3dujwwjaj3klu0ja05z4fln0md00yt0pupurqss3pme2w0kzppfs8ryuhp,24,24000,0.1143%
219,bc1pl3a5gyg7407dzk46mzr2nah2stq0s4chf4qu62fd5nl8dj4pxm3st8fpda,24,24000,0.1143%
220,bc1pulgek9r3xp0yda4vmvve4h7zf23e02w9haey8k568m824c6nrmes6aqnq0,24,24000,0.1143%
221,bc1pupavnr8mqhfw7syj47a8ausyfmvpr7l6873qydet4cdr2cggv82s47rypn,24,24000,0.1143%
222,bc1phsnund4ld6sm30fn9twmup3qtpngqkad6289sql40sj63y36d9usd9c03m,24,24000,0.1143%
223,bc1pv54t3u59wz77hyvzq3pnkz2av9pww6n7zuushj4g55td0a4s9pnq8h2lgv,24,24000,0.1143%
224,bc1p6g8nsjn8a6ec87qt40qfuyn8nercqazmjrt9jw9uexfupm8zhycstx9d8u,24,24000,0.1143%
225,bc1p4k6chk7v420a6ev5skf4fdgzy98rgpd8f4mj5c8z2h3rx35vf3ussqyjzz,24,24000,0.1143%
226,bc1pgdwr9ryp7klljn4h2avc7qyxs34y2rtc0qndcj39wha0cjzh9ezqpk420r,23,23000,0.1095%
227,bc1pfz9tqgh4w2hj4ykhrvzgdpgskj2la9rw4nzyajtza5sk90pw2ghqdhm5p6,23,23000,0.1095%
228,bc1puvnzh25alq7fhmaggc3vkqjruu6y7xcc393qqcm90lke6pz69gwq0869kk,23,23000,0.1095%
229,bc1pwgqdy3v2nutz3shuzakxwmnvsqmmspgl20394d2sr7nz9ypctduq09xqr2,23,23000,0.1095%
230,bc1psjv8xra8mqf745a99tuf6ju5khkw4xr6kzexxs6ngpqw7ryft7fsd6370d,23,23000,0.1095%
231,bc1pcfy2qd8f8dgsn5rpx4djf4cfm0k6gxttdxp78sy3xk0ntclvgd5seqpzdu,23,23000,0.1095%
232,bc1pe0qwhtpygal28808lrhj7v87r98jw7v3yvyq23kjjg69d39ravxs8p83n4,23,23000,0.1095%
233,bc1p6d5a2d7s0nvjvsd9h9v508k6zftvpqwy0d3w65hkrgzrecvuwdtqzjggqs,23,23000,0.1095%
234,bc1p8ktf3dj9krtawrceq7puceewuwjuam3p3v677xxka52juaf7aaqse862x8,23,23000,0.1095%
235,bc1pnkgfmv2635jn9md5zu03ulcmstn4hwkgp5zglzadjhxyxrhpyz3q3jsr6q,23,23000,0.1095%
236,bc1p4qwmy5y8sfe7z24qhcxan0hgac8zfkcyeduyl725s9xhfxqtskas72q8w4,23,23000,0.1095%
237,bc1q8ycmtjmkrg5nj2delk6t4hmz8yzqx5l4f8arlr,23,23000,0.1095%
238,bc1p9xqxkj8tacnm6h06t579ytc9wsa39l3k8msmukdas3xpu4gytekq98y3lw,23,23000,0.1095%
239,bc1pyuw8e8p395f3ndutd29cspgw79mgx6e3r783j7ejhcumthgtywsqfqrxtk,23,23000,0.1095%
240,bc1pcfcn55wp7sx5d8x6mrwguxvxmkmj7a7u5cr25pkr5mua4a7gdwxsqacg34,23,23000,0.1095%
241,bc1p30vps2l4xrkgvjnfyk6r0qy860f8g9audal9wh69ez2udxx7kn4s06nnp6,23,23000,0.1095%
242,bc1pwmrpxsagzjufzfydg5rnn9992vy48rr0slfp3s7helqn68y3h6hqtxcykz,23,23000,0.1095%
243,bc1p3pywyquj9nwfx5ezrexhx8h4k9lg03re4y73nrhjtna3hcpaqu6qzlvs5e,23,23000,0.1095%
244,bc1qf9xqgcre9emqpdaldh0q0xdlx7v7esthvvu69x,23,23000,0.1095%
245,bc1p53p36r50utjct2qkf7gju6fvcxggwhwtpd7jajpv2x95fzsefkys3e2frg,23,23000,0.1095%
246,bc1pn0qqckxwe668sy8uf4wcqtlqtq8nnqen7m53vltqya8lhvh7lqes4q3z9u,23,23000,0.1095%
247,bc1plh5qm7qgxfyfvkxnf8uvu04t56huw0cffa0qzk6nlpa0t00qezesx48tr6,23,23000,0.1095%
248,bc1pe46tpehte8l0ae578vsv9s4xzt09zyu02tyqgtv5ynugnr2nn2jsqyedgy,23,23000,0.1095%
249,bc1p4g0h4hete6dh770uy87qs0ad46drfy2h2wcsrqyzm5mf9xdppqjsnelgt4,23,23000,0.1095%
250,bc1pcmrc5z74e30z52alxuytx98jlz57jlhtlhrucsjjqqqe0dq05yfs0l2yat,23,23000,0.1095%
251,bc1p4t9xz4sn6q665cgnfq3pqp6dthxeq4p8m027qq58x65x9m25yj7qy7mwye,23,23000,0.1095%
252,bc1pj8gy38kc3hy0knkzjzm83c6un5war4u98z8mfqyd93tdf6udmgcsqtwj2e,23,23000,0.1095%
253,bc1p4z95zate42kt2h3v2mtdgzrhfwjmzhtve6g5e94pdrhv3ahh7c5qmgx87w,22,22000,0.1048%
254,bc1phk7lkek9tlec3p37u0qt9kx675tpfnftr3nujpeluq37jmmu5alsw3zm30,22,22000,0.1048%
255,bc1p2n2hjzf83ye8w6kvzzlmav0h4jhehdq3xaw466sgl3hjnf0vnsdqvsxm0c,22,22000,0.1048%
256,bc1pu6y03czsd6erj8g6v3728fzlt7d7c2uchsxfwrmnvmea6wlty7lsh98yhy,22,22000,0.1048%
257,bc1pukpz6sm7w2epj5xy735xxgx76vhfqs64h2k622jplw6jjv0tkfgsuk5tk6,22,22000,0.1048%
258,bc1pc9jtrqzjvhp35vkttqtkfqjxvuc93u029l77thz8qqtjz5w5q75qhmar83,22,22000,0.1048%
259,bc1p90xr6524hxvsead5xfnrf3gk8gmn4ngswacea8ua0wu5clhgeslq5wethc,21,21000,0.1000%
260,bc1pts3hf5cr87ljkq3f2fm3s4slcf5ttkkkhlv79y7hhc0kzq48cu9sjfzyrp,21,21000,0.1000%
261,bc1pn7wyu00jw4ed2uwsxhks2amt988875r5um6q6dvs9w2363egcucq6mt7lw,21,21000,0.1000%
262,bc1qmjdzuzfzv3v08g07ly5l8z3zs9cfe4krdd8t6w,21,21000,0.1000%
263,bc1phfr8aerp0gj27nt84558vmg7ttf67lf87t4ppw8mj7jhcy4u37jsd4deeu,21,21000,0.1000%
264,bc1p8murs9eguzgae262458tf0r6trtd70ng3ytsltjqapddvhyvwnkqzn6xvv,21,21000,0.1000%
265,bc1p4ccmq83l0dp0dqu4z9zek954ww7vqz0pn56l9zs5zk5yfzpx6j3s64zvdr,20,20000,0.0952%
266,bc1pxhuyejp5dcwjz23t3upw9r373r8p5xhf3um5nnlfq4zgzvtjcvjqh9w4m6,20,20000,0.0952%
267,bc1qnalqkhstzanqle5ylccal9y2k3gpjfzqhwkgve,20,20000,0.0952%
268,bc1phenvkax2t0j3uvdmntkpscu336442z05hcmgcfrslc5ma53h60sq58cfpq,20,20000,0.0952%
269,bc1pxnkkqtf0jgezxtvcrhl5pfj9s48vwdkykgancsrt8px9gn8pe3zq7fdhp0,20,20000,0.0952%
270,bc1p74acz6k5rd6tqn0nt09l64tedyk5jn6zym6xlhwxdfu0e57nvgts8stmys,20,20000,0.0952%
271,bc1prh3fnl87jlnex5jggnvtzrwlc7ufnq7k9u8dgp2j3hx8alwlaj2sh80553,20,20000,0.0952%
272,bc1pe4mxlep06j3mz07phwtmye9vlpz7s5agt9ufuelj6pcl9hx6sugslq0x3u,20,20000,0.0952%
273,bc1pjkuccapmhg3l0lkaas05hdgmxe5p9s6w5xg0a4ykv2dnnekkryqsxrf44p,20,20000,0.0952%
274,bc1prtxp38fl7an85nms9nyfl0j6us64kcessujy62khecgseql302ysw3kgsn,20,20000,0.0952%
275,bc1pccydvrlrksx6ej3lenw6fn0t34xt0gft6swd5mzsnag05st3797s820x9r,20,20000,0.0952%
276,bc1ps0r9rlt2gn8s8dmy79g2n0vxan3c58l0ckfxxd6ndm75y3sptjgsw3grn7,20,20000,0.0952%
277,bc1pr3pn7hc9kc733qw5ut3m62ewlj8pqn54cdrs36dwyh3lzuvsjvtqhak836,20,20000,0.0952%
278,bc1qj77c6qg0xs8lw2lt0m32c0jzhn6mnevkx7yzlt,20,20000,0.0952%
279,bc1pvktspee9yq4fes4hkj33m6vsa5442cw84rd6fugncp7tdah0y9rqrzw490,20,20000,0.0952%
280,bc1pd76tm0cpuvgjht06kchx0gjqefavmgr9quj9yxzchhf9wq8yahsq435uv2,20,20000,0.0952%
281,bc1pfgxl6kvnx5gtxcyf76tuxlhptcq49yapcajy55zfwgwvh7qs3vpq7gntme,20,20000,0.0952%
282,bc1p0wdw9xtglxm74smt232a7u7duyaqzhc5kc883wvugg270m03nxyq34zjth,20,20000,0.0952%
283,bc1pl4sxtfm7yrq044xn5dp50fzm0jdzfhz2h509p7lsc5jm8g7qcx7q9prnle,20,20000,0.0952%
284,bc1p8y5sj8s98yfd6pz8qq27zhw33udpt94ktrpnt7tzu0kkdpzgr6xsywwpve,20,20000,0.0952%
285,bc1pwzfuztz9wqy6pas2uknfwwhcrp9mw36c8hqqpphtcyl4chtj70vsev227k,20,20000,0.0952%
286,bc1pk8mgrju9pev7eq3fj2gzxj0srgeqn4p0jc67h5syquktwza53sdqfmqzdx,20,20000,0.0952%
287,bc1peg24hwh5p68s6g9l92hugtvzcfrrgrj0pgltd5szucfgdzlpdzgsc5njzg,20,20000,0.0952%
288,bc1pqmmhxsu59wlhsepjxla5l09r050569jp8ngktr6tg92p9el3dmjqxq5vj3,20,20000,0.0952%
289,bc1qgldrq8p76594j4c2ss35qxs2rnevpxc5wsacg3,20,20000,0.0952%
290,bc1p24wqs388ad9dd0p73fhpjvjjcd5q9mtjsmlgj8nq4yq4n3l7n55syrmqas,20,20000,0.0952%
291,bc1p5vgynexa0yeyp48e7d4s0lztrg7heqwn97quxc059jx62xw6yyksmlhhlg,20,20000,0.0952%
292,bc1pn8c9j5su57ugp6qhm2emkulk6tz3vlrw2w0fyktra008zuhchymsurczt4,20,20000,0.0952%
293,bc1pzg0chhtl3xy488r855srp5sqhvh9rqyx0najqcc2qur8ree3k4pqu8kp96,19,19000,0.0905%
294,bc1p7ylq33ma3zp502wqq3g03uutzmrqs4qvqw6qvszkx40m4gn5kdeqpk2c6x,19,19000,0.0905%
295,bc1pqt7lmsdxe7uwpx86greta93z55dvmusm9nqy98erg9ymp8s9fgcsrcfnk3,18,18000,0.0857%
296,bc1p85rs63jz248sad0dc7sqk66m4y7m9ftrudkus098dfk74pjvqm0s4565lp,18,18000,0.0857%
297,bc1q02lms30nx3zzkeysjuhh9e7x55nycsk7lnjc8j,17,17000,0.0810%
298,bc1px0rjahngqe3ny503tazcewvke93ymye3du4p6sl0t29afq38pysqfww03n,16,16000,0.0762%
299,bc1qgmtn9fd9eqhldvcxjpmrpaz4exemk2fjefear7,16,16000,0.0762%
300,bc1p5a2qqs0hh78ulnnqgesq0ntrf9ym2qemy9xkj6hv7pqrue2hhfysn4s5at,15,15000,0.0714%
301,bc1pfkskt5wampu9ttt3zpgzvvrjy6egjne6qfx69eyeq5mhm52l8l2qpc26nf,15,15000,0.0714%
302,bc1p72a3n0uv5alv3fa8a6mhz267wvp8fjef0ltvy24c047sdlduzg9s633vzf,15,15000,0.0714%
303,bc1qpv58s9mkkktt3f00qh4a0yyaen5r0uc2gc0p40,15,15000,0.0714%
304,bc1pp8nv43v8fhc3qvvl5q8wvfhdp8zxa8fwrvdyn7x9mfrd50jmdl8qyfzcdf,15,15000,0.0714%
305,bc1pxkg936ykmqdyeu38es6ggucz4wrt08yygm5e9sr6240ese9ltnfqlxrnfr,15,15000,0.0714%
306,bc1p9zn7q7a357v9tuq30x6em606s409uezvq3cmqu5h3lz42rhmj6ashqastn,14,14000,0.0667%
307,bc1pgwnhn3ec86mr2fhlt38g0e2usv9fzhl7sk87sma4t73kxzf9222q8c3rmc,14,14000,0.0667%
308,bc1p4f7e2y2ped3njdyw5es7vahvmazenqsdkemqfac86vxzpjy5a8wsug798c,14,14000,0.0667%
309,bc1pff4nntqpudwh5nezrlsj3q8ftqazlet2d0uxjk2mjfusv3mxsfystl56m2,14,14000,0.0667%
310,bc1pns0c57vv00c9e098dq8da34fwd60v8ca3q6cz90qut3k34ljw0zshxfft4,14,14000,0.0667%
311,bc1p9rremtezpe2al230guyqe27vypm3jgzkxfqlmtqdtsgvwycx950s2cxlac,13,13000,0.0619%
312,bc1phy88g2zt77lvlrwvdyns6sqny58p7vaadxtecjptl935scmhnwnsr9p5sa,13,13000,0.0619%
313,bc1p4qlmk43atx2j60zvck2qzctxuy4yle87jczs294ddpwdjhsqzutqnhdky7,13,13000,0.0619%
314,bc1pjt5y9hp5q9k53lwvx4k7pfm7q80m02t6sq24vw07c2xyrydymj2ssdwgv9,13,13000,0.0619%
315,bc1psag5k7ty0qa56z6ex40dsecn0mu3ctspgcy6hfljrncngl8rclwqsagd3u,12,12000,0.0571%
316,bc1pejg9z734ngpvyayyz0qe5kx3rqp6ahml2fwsrmhkhnjh9ptqpvjsd4hnsn,12,12000,0.0571%
317,bc1pdhn8zl263e3rtyxnr4hyrs5ud98vxl2tzcaj4dnd5u3cym4ygj2sze2hwl,11,11000,0.0524%
318,bc1pw9v0ljdd2ppnlaw8k7sgdme6hkc7h3fa7jeagkhjdg30ze5k5k0sxnge6m,11,11000,0.0524%
319,bc1pcfcyqrc6teqcg9tet6wes8aqvvmapz9s0znmmzdq3lcg5j5wdx8sdustvc,11,11000,0.0524%
320,bc1q8zn7ykhkq40x0j03am2ucjpzzh35mrex3tnzj5,11,11000,0.0524%
321,bc1qc66krmfkay7hhlxkala2ythmw3hmrrt5r8vx9p,11,11000,0.0524%
322,bc1pchckwsh2459rk8e2g35a4hnzlv28mndavss2l8hhlvk9ccen6g4qu74h3s,11,11000,0.0524%
323,bc1pvd6yj99zcsrxnkrr3g6h4m3l6jsyevh4t8c5m6zus2xemr2nkd0s7uaxdh,11,11000,0.0524%
324,bc1pn7gvrujsklp2ga082wnkkldqntfn9ns0yqajyml4rfn4kucguldsradf98,11,11000,0.0524%
325,bc1pxawkd8f8ydlwa3lew4aqxuuajas68c8p4eyffgpdzrcqqy0htmhsl6e95l,11,11000,0.0524%
326,bc1p7hpugh2am6wqzz4kfz0wuqan3gfa4sldj4dff3d9n3ta55a7355seh39g2,11,11000,0.0524%
327,bc1pez4vuw0turf297tkfmdzmfkpz0ah7ujlddgnw4uj5yhyqm4pclxs48hdez,11,11000,0.0524%
328,bc1plp3yv7feamn0afegm0atgf88d9hxj5uyrf6sg8mc08pdg3nnphxss9qcng,10,10000,0.0476%
329,bc1pkvtvtvsfepm3c9zt3vtxwcw9a6q9ne6wfnq5w0xxr3ca0junak5qhgfza3,10,10000,0.0476%
330,bc1pu4870x6gkpmdsnd6nz0uzg5846nug9uhqvcsznuzla6q50hsdp7qx2s0u4,10,10000,0.0476%
331,bc1q7twnangkkwgg5nutlxajs9d5syqt4hwa6reg0e,10,10000,0.0476%
332,bc1pmqz22vj6agaa7ylxpldxmf8duw7de50qhfkmt69j2608qunvwn9smaxdad,10,10000,0.0476%
333,bc1pf062zpxls3mnqgfl84364zagyxwmwwvm4zdnuwxets54yawf0tpsay7j9e,10,10000,0.0476%
334,bc1p423tdk4ualp5jtwye7fpglx20fpna23ytessjtcysy7ersxf8jys0jqutf,10,10000,0.0476%
335,bc1pnad9f6t5h7yv0se6lx8fax33tdc2j3f5zsn82u4jxtz02qpz6mxqyepc9g,10,10000,0.0476%
336,bc1pf89apfvj5ktjx8tp7fevsdfc50cwam29k7lllpj0yur4438kw5xsj82ne6,10,10000,0.0476%
337,bc1p3wqanwz6yxeylgvdmc98vmfyjx3ewpggsxmvsg2vaswy05kwe9nsmw5fqy,10,10000,0.0476%
338,bc1pecpru25zlln75x8qthdhg8gwa9tx9x8mtfw6a2gmgweyvz8x8nzsvmuht3,10,10000,0.0476%
339,bc1pw2q85un6aqh0fecz0vkjlvspj0xnr8mzmzeqn9dyx99c9638wtasyehycc,10,10000,0.0476%
340,bc1pjs659hngudj6d9au0q7lh25ly8phaxaln2sxpvr45v8xx370q54qv6cfjy,10,10000,0.0476%
341,bc1pfuyf74ps4kd2jd79grfjltx6l303dw9c8kh607xtczu5lrkvjxysncufrp,10,10000,0.0476%
342,bc1pw74525mv6hjv43dt3armv7cq230lfa4lz0hknsllsf4wpluy26cs220nu2,10,10000,0.0476%
343,bc1pwfk05p9f6ecz5h6uxtvreyrtal6trcer0pyw9gv6re55ja4eg22stnsc4c,10,10000,0.0476%
344,bc1pds5py9me5tnft9fjxfyrh063pjy5ela70xln0n0vh370tj0e6qhsserjmk,10,10000,0.0476%
345,bc1pjx5yl096nl7sa4mw0tz6zk9sujzrc0ar2u83h8hp85w9szu8m6vq8jk8vv,10,10000,0.0476%
346,bc1pc3d6atcqyd7dwa42ky3k3r0fdx4jams8u5jhfyl2jelk6kd7aysqd840zv,10,10000,0.0476%
347,bc1pj7uljth9qww0nuddhzqqypqwm2qeyj85dnp4aw2kw45uc9a0tt2q0jnw6e,10,10000,0.0476%
348,bc1pywwkrn0uv9cd46jqnvvy95ctsvh6tg2am6qy6du77hamkv63rdvscp278v,10,10000,0.0476%
349,bc1pff7gse67e99d0rwpw9ta3np8pm552hlxf2u95uztc52s8f9nq0uqvvscyy,10,10000,0.0476%
350,bc1p65qj45wpyw3slpprfwtl8nh86vhlszae3dukwlkegmrpqddwg32sk5kjqn,10,10000,0.0476%
351,bc1pj6dq5dl5z4uzk4dxcm0ghd7spcffcaknkpyjgfu3tu54k2tvz3nqehd47r,10,10000,0.0476%
352,bc1p5mf5y9lpu22qhwgy2ylvaw5cxpzxdh09d0ekwlgqxkthghx8hg6qcujzuu,10,10000,0.0476%
353,bc1phz7fxc65dfgz9hphuq9n00l2av43wrdlltunecdsu97mkejtvlhqv2fx7l,10,10000,0.0476%
354,bc1p9ecjzw6rmjzy5hgkr7t5faea3ugcgvpxxq2wnmvus96hz6akpqlqdct822,10,10000,0.0476%
355,bc1pdldt2qxq5fv8g7zmfzj9x3lgp6rfm7d56xxx5vmjmm8uafywn2ysmxe0zs,10,10000,0.0476%
356,bc1p0rkrrulsx3ekde7q2fs342acln74jvypjznn2xl804m7n80n9t9sszev4j,10,10000,0.0476%
357,bc1p7etgglyl29pgyzhlyf45lx58zyfafkjh5uf7cdmxg99pxttneglqhg9ly8,10,10000,0.0476%
358,bc1p2wrdcthsz7eypge4jtxmfthjfxhqjxg9pheh622frqm4e3tqxnxqp84nur,10,10000,0.0476%
359,bc1pm4t4fee3q6pmtyj7ln93dvfe5av0td9qr5e07kdyxsnrj2l262ysd23wes,10,10000,0.0476%
360,bc1p9hkzts3t9tmstc9ca7jet6y5lf5derwkukuayx9kddll7lzm2v0q7nc3hy,10,10000,0.0476%
361,bc1p4jpw7w4mmha4jr8x3xxg2npcy50mnwmd6p2af60qdjx6lrpz0nzqwmdph4,10,10000,0.0476%
362,bc1p8qwqe96adqkvclvk5fuhyn2jd9ra2w603ggm9c9333ftnu5dsu4sggkn66,10,10000,0.0476%
363,bc1pjwhkz8nept6yn4ddetvx7lp3mr5ef77sqg58jcd0t38qcc462ekspx9h6l,10,10000,0.0476%
364,bc1p2zjyz33hu8ctpm0lrxvrfz5z8xkjdwdy8x9lk32sq4n0y60gdcdscfrvzh,10,10000,0.0476%
365,bc1p44zp8rvkrmk9lg6ssww6exey52symnvzzffgptcxjafax0h40lys48qr44,10,10000,0.0476%
366,bc1pndz6cnpjq0dr7enc6l6ffav2x95xuh34zzkzjfr00xn4n57avphsc6e8d9,10,10000,0.0476%
367,bc1p4awe92waamnxmwpqmh7mfjkdanl9ls3arm2rvwqxuwvn46ak6qdsrhju88,10,10000,0.0476%
368,bc1ppdrglah58f63ermzsnsuumgkjgshfkeagmg88hmn24u2dj8hfy6s6vhph3,10,10000,0.0476%
369,bc1p6vxhqf3q7ctz373463e7gvw9lgxnnsly2m7sazq5qf8fzt0ntspqnzgmnj,10,10000,0.0476%
370,bc1pkd6ge6cv975m9jwj3n4cjsvaeyl0u5ezm203rx7meqvvtxy3f02q77zy4v,10,10000,0.0476%
371,bc1pp7xqq4klhw8vechqurzhd2hkqhquqht50049sv8v3pyjvdd4nn4qpgzdpq,10,10000,0.0476%
372,bc1pjjwztmfx6yvz3pfl96hw9vdvu9346wqvrf2h633gjcuq9tjkugvs5u6akq,10,10000,0.0476%
373,bc1pkk40uehzhgshzknht8yzv324yztdx08uyqh4jnq7ucea80th4mwqraj920,10,10000,0.0476%
374,bc1pxzum06eywa0hma4kmfxvv7kvn8ymny7ce4pdqgfl839rflmg095q4qqkrh,10,10000,0.0476%
375,bc1p3zmtpkc9mhtmzs23ewm7yg3s8h6whurqtgnnny9mfhny7xxgs8eshasgww,9,9000,0.0429%
376,bc1pda8klyx040rr6nvc4jyj3knxrrpchxvafl8z380nntqqgt2jjnnq059lav,9,9000,0.0429%
377,bc1pftt2rdrurgr3yvj5rqvhqsctcveahkmsghftwrj494fwfl5d7a2qgmdla7,9,9000,0.0429%
378,bc1q6fcdfzqh69zxrn4g6x7erw4u7mh6axj92ghl46,9,9000,0.0429%
379,bc1pgrs5j7msqe4fpk2k4cqcjh9tqhr7g0yjd3u778pxg072wmr2f2wqvdz9g0,9,9000,0.0429%
380,bc1pr3x3qd24ppn3mhyzurxwzjxnh0tt4m2ngpdnvgrkx4weyxk5n5qq5a7aqh,9,9000,0.0429%
381,bc1pky584zkj90ypyeuklnvfj9t8dyjlpgu5k8sxf0wthxeufakvw7pqyyndr4,9,9000,0.0429%
382,bc1p8jam0kd3wfwl8whftxj2zyerz84067quzqkwtypj3r2f73t53n4qcax9lr,9,9000,0.0429%
383,bc1qhvgttysuca9qu83xyfvjrdcav60y5ak9gdp4dc,8,8000,0.0381%
384,bc1p9w36dp4hgkds443vvl2qrjkrtdf5xph09lg9xprhretczz29llms72zkrs,8,8000,0.0381%
385,bc1p6uqcsphutu33892mtp5zqg7j4h56prglh9guj3gsprftejr08mwsstzvet,8,8000,0.0381%
386,bc1ps2nv40wadq5ftfv074mdrsk2ulyu8nten8k5l8wzpvj6zf0nuspssn5g5q,8,8000,0.0381%
387,bc1qn54wdejs4gqsahedvnh5x0ys9347ynm8s27qyt,8,8000,0.0381%
388,bc1p5cvwwkpw7qnwknvj6l4gtmc27p27cyjsyrecsscx9whdzgzrwurqvp5lfg,8,8000,0.0381%
389,bc1px8h73dysk094mflhdqaaruq7xmdtr4zgmmzx4wxmqkggvvpjzqlqjynep9,7,7000,0.0333%
390,bc1panjrkef49pn0dnfx9ntgjpe0m8825m0e39h3akjqcsm0d0p8j8xsghhvgd,7,7000,0.0333%
391,bc1p6lzezzsku0378ltz0n2mk6umv42jae5lr9vf8gjf26lw29z6e56s0tyqjk,7,7000,0.0333%
392,bc1p9wek2ev2ls29h52jeu02g4rwlf5dqjl6vnln958t6mjaez3vltps35pg7a,7,7000,0.0333%
393,bc1pahzz0uhhh67peyxgcm5nt6uwhhp8kqhxp3wvnr8tdmetunrr5wjqjm4wer,7,7000,0.0333%
394,bc1pu6ervp9x7aflzpnp7w5rztux48r6nx4jcfqx7ts7e35juy9jqtzsnu7su6,6,6000,0.0286%
395,bc1p225zyk03jr660v7j5ntet0438tnyw2puzelwnnsmuwvhwmn8w8assk3y6k,6,6000,0.0286%
396,bc1pc29a56rgl44r07pnkllvu3mvdnmpp5s9upg5j5dpc3hcqz054vhqclhl3y,6,6000,0.0286%
397,bc1q5csaxvg34lg5009qe3gahl96rktjkmn40av7zt,6,6000,0.0286%
398,bc1phcsawa5pzfjx65c0z633erv5j5j7rypy86uy3jqred8ex8hqza7sy7ldg9,6,6000,0.0286%
399,bc1pu08dvkzjpsc0kmvxw46h7xlcy426zf0a27ju0lsafme8w4cl8rjqlrwrfp,6,6000,0.0286%
400,bc1p75at3pddylpucl4leshavf4ug77l0parvle5hut2w9d38jt0lxhsc2za88,6,6000,0.0286%
401,bc1pwhknxlgqp3dq9gp4wjhx2uvkwp2zj6vx9tt24wsh8ruqjflex8yqz3yhnp,6,6000,0.0286%
402,bc1ppp2dnvmfx4749crgduxqz5lr38lr0akga290hxuktya0f6ugjsyqlxj9t2,6,6000,0.0286%
403,bc1pvaywzwc98g96zec73fdpl8rhs5czsryzk7q049xtq4lr0axraafqlhqydt,6,6000,0.0286%
404,bc1pzw473mc8rpq9j4yr6yp757a6c6qd5cxv3utwp3h5ktx6jjh0e4fqmunqss,6,6000,0.0286%
405,bc1ppcmawkhyvfrxals4lhnkef8nrrelx9edehp652salpk8ee36p2fq0pe6k6,5,5000,0.0238%
406,bc1pehcm9ppu2zfzd34uah0w2rcy3cnx2lt6m3hl530mfnrju8w0hpxqaepdww,5,5000,0.0238%
407,bc1pj6569ee2dd2yaxxm60vjytmsayv54emjj22c8cd0zewp26hkdggq7vkka7,5,5000,0.0238%
408,bc1pzsxt6khq9rehk48u0he0dhh8xdmn0dl5za3l2e6td2m98u6lnkuqkwd7xw,5,5000,0.0238%
409,bc1ph7272wkkwwaasxy07fama8ugjeu33qa0t2as5ts5wywz0s2q373s4d808n,5,5000,0.0238%
410,bc1pg6dyhslllx0f5gpel9ulljmuj0zwjngr8u3pj70ckdgzykel26yscnsyv2,5,5000,0.0238%
411,bc1p8fycx0rnn9zqem64fvgvpkesr4rzljnhz3fkjnatlvumr6xwk6lsnsgd0l,5,5000,0.0238%
412,bc1pzahsyer4z56543t9ca2p0f44fepjamscl95kjku5ra4gccyf786sw5pxns,5,5000,0.0238%
413,bc1p02fwluelrsq0rhk5s5yf36xq6kyghcyyxwznuj5zfd2vqnye4utsdvajj4,5,5000,0.0238%
414,bc1p6n4ty25c2f9w5n48lvkdfxaswtpj9wu869fdd8ckce02dgc2sqysfv5jmk,5,5000,0.0238%
415,bc1pyrhjvqfda5ume2et9pv58j26acrcuw07da5gyjeefl230he4wmkqd4vmnj,5,5000,0.0238%
416,bc1p2y9jwzeyd07zzz8vt4trahj7mz2xjus9yqemsgqgpgvjftz7mefsl689hx,5,5000,0.0238%
417,bc1pnwxx33zun9h90urqs5eqwhct0c4eckkgj5cp8te6pm3xehnry2ps9d35lc,5,5000,0.0238%
418,bc1pfpask3ku6lu3ccu35u7k4s3t0y8umpefy9cdl7j92g4j55e56upqwu6qtt,5,5000,0.0238%
419,bc1ppzdaqtra48qduh8ddafu89quzgj2wft7ugp3j7xx6w8cut785mlqakgf7d,5,5000,0.0238%
420,bc1p42t2u5w7qmkj8tqd9a0xvlfq6vdny24gldvsrfvrz3f6cs478ysq0cpf0t,5,5000,0.0238%
421,bc1pfmfd96k6hy60ul3qy5ppt4ey96fn8xda0aklsfsp6c7hx70qekdqmm3vqa,5,5000,0.0238%
422,bc1pwt8fj4q46rvtdg050c0vhklcpa8a7d8nr78qq6w5ea2h96luzyhqtn2s4z,5,5000,0.0238%
423,bc1p4cg4nv2je3exnendp9d7g0rm9jk6t0w52umrcmv7p7n42xxfeu2q9w0tml,5,5000,0.0238%
424,bc1pqpehsfj2e32g45epal9nqmwgasxhj7w55xht7s46pxv3x7e8lvkqp95rjc,5,5000,0.0238%
425,bc1pz82kqzyf8y5q423cdq304ce0lj2whhv89lcqeddpkr7kzvjqrlmsczhxzq,5,5000,0.0238%
426,bc1pzd5nfsaa09ecpp3de4tcvf82fdp99jhymwzygx4h6754k5ym6cvqdtxgpp,4,4000,0.0190%
427,bc1pjs4cr6jc3xu3wh6am2s7cwvcppvjagl2j390qnp77mz4r8rgnujqk9zj4f,4,4000,0.0190%
428,bc1ptlwgln92rkl79tg9rtcgpd3v704hw77eqq27mwltun2wteqg5yssvnwafj,4,4000,0.0190%
429,bc1pgmyk246leswsmmhn6tu3apg0rh3ft96myaqswy0fn6slr7t37x3s2fzl5t,4,4000,0.0190%
430,bc1pcqz3ahqtkn87ph65klmufln7k5ma07uxy4gzuef9qhl5jflpqz3qw254zv,4,4000,0.0190%
431,bc1qa2gk9uyw2mly2x6hr7e4kx2jas9mgs3xxyqukd,4,4000,0.0190%
432,bc1pfchavjfygs5jsdzltym48fqgzmd844thaelvg7365d70vdl4p20qqv4h5e,3,3000,0.0143%
433,bc1pjusk8ptekdcnn47t3lyj7wn20ahw98rjxz3lvf8q6cduve0e6deqw3ydrd,3,3000,0.0143%
434,bc1ppn24h5jxuw5zgtqe790twk23204skz2hemtkevt2ukxfdtr9eqdsysznnp,3,3000,0.0143%
435,bc1p2xtzqmr5dwr8wygh8q9ve7kntrsg52jyvfx20t6r7wd6dk5ssujq4ng8lk,3,3000,0.0143%
436,bc1q809r3vjx7hvwn23ut8yrlfjl053q9g6exfsz76,3,3000,0.0143%
437,32uWvFC2he72pSLJ9LUGScZKgCQtVeSqMh,3,3000,0.0143%
438,bc1phpcp5aqefa4ere95r4xlp5xplaffmrzrnft9fme93c4gsew3hw8s87u2xg,3,3000,0.0143%
439,bc1q476lp6xwxpf0aqunqneyd83scgkzpy9qf7qg6t,3,3000,0.0143%
440,bc1p8rrppneug3kjktazmjsc4mlzv9qd967x3jdzt70hsrff782xdmrq2vffhz,2,2000,0.0095%
441,bc1p962qrk8dzwm4sh2gkejkgj7zcu84j05pnnpqvhxu3jxx07vukx0s7rky5r,2,2000,0.0095%
442,bc1p7ydswx6rte8k5jnhwztz2g8m2pu7az0gpwus3gvamjd0vllaj2kqdcwfjn,2,2000,0.0095%
443,bc1pmpkdelgax6exfjw0jh7s706tnx6ldfphf65njzlnpny55anc56hsujtsp0,2,2000,0.0095%
444,bc1pql0rudj7zqavmp5h2ldhjzskxf2jpktrncw28qs9ctu5m5jk9g0sdr52hr,2,2000,0.0095%
445,bc1pa97aunctq4c402tnwadwy0xz2rn7kqyv52uyspem2vud3f9eaq8sk0jc6h,2,2000,0.0095%
446,bc1p9s9d27lq74zqzgvpefqqc626d86r68mejw542z920jp6533rk0vqlrze5k,2,2000,0.0095%
447,bc1px97k74lxmdhz6gtgtk5e7qmtedamd3mwmnk8l0fk6v2kpwwj03jqfp4kxa,2,2000,0.0095%
448,bc1p3q67xyv3tsupmtffjyqxuw3wd8gmur9tav78jfuzswzxx922v2aqks89mn,2,2000,0.0095%
449,bc1pe330zn44lf3t5mh03k88f385t0yq2dws8anutd2zy8re9lgtefeqcjydls,2,2000,0.0095%
450,bc1q655lz6sdh7mvmc66xdw2mhwlszt6fwpty3wh4j,2,2000,0.0095%
451,bc1pu9xy6yrfj9e8wz5zvvng7pmlhq9nrk9c2jwvxu9yx59zg47aduvscs0d0u,1,1000,0.0048%
452,bc1p86nr6w94kjzsndew0xsuaxqrj9lmfuk32eh9vlhc3mqnc80d0lxqea9sn7,1,1000,0.0048%
453,bc1qh989tsp8j3hn7fpvr56canzr6lnz0zjvyvlcwf,1,1000,0.0048%
454,bc1px47kz4h054slclca9cqlkhcjy7tay7em0emlwlrp2deaztlsgraq0ysshg,1,1000,0.0048%
455,bc1pt2qkrcxuhr2pld4mrtrjm73ytsnlqejcu8trazded0uv43rsykkqn8c9q3,1,1000,0.0048%
456,bc1pv9wdyjsfdpe7s6l8ldfh7tm59myayemlkdlas4q89823eazd569qm3pjmm,1,1000,0.0048%
457,bc1p4s4hmf3mr0hnvump98htwfysnqavs04vcde7c6f88qs7jxvnvpjspd95nr,1,1000,0.0048%
458,bc1pcuyqm3z5rrzas3lae3s83dcgmn024dn6534s2yfv6l7f7nlguvxqtnppac,1,1000,0.0048%
459,bc1pga7yu6wwu299g80sujkuwp2hydaf4g3fnaffneszjzm8ayuc8vzsccufsl,1,1000,0.0048%
460,bc1peldw5wy75jtjqedskc55kzv0zs77ru20tgflh7yt8d4z0edrayus9rvgcf,1,1000,0.0048%
461,bc1pukd33qlx2qrzajdrlcj6ts35jkkgsaykuh6fyahjnks3khm2cffqys36vx,1,1000,0.0048%
462,bc1pxwn9duraglsgr9f7q8ua33sx0vkq5wjft575h662995zf5m27v2qqxlf3m,1,1000,0.0048%
463,bc1p9naeaa8defexayxzu9ky2ru3rscrn74pp6m3fuat3m6nnhwdsuss0wcx9l,1,1000,0.0048%
464,bc1p99k76cpddyyjdc2hlwketsanuyhacrnljkutn48at85wyavzdf6s66dxkz,1,1000,0.0048%
465,bc1pxhnkafy44ngyv26ysy0erzaw6vqk0ge5cpd0kyk5epy2q33l9u6q333k2e,1,1000,0.0048%
466,bc1pn8dk4fq6tfy059s0tlj66xqf3s9sdv6vcsvm0cwgtf3lpk84978shs5jdl,1,1000,0.0048%
467,bc1p4llktrhlhmjcnpvh5xhne7n7ujuqxf9f8ywc8mnswfhedgqh0m8sd52mjs,1,1000,0.0048%
468,bc1pnm6mx2yudceyr8vqhv42z6wtka64qypw7pmyjdc6xy2uwzflmtdq8hjvyd,1,1000,0.0048%
469,bc1pwg9vwvnp8chsn9dexe66rv9klvzwx99hk6fkzp77yl7wruhvfywqd5s09h,1,1000,0.0048%
470,bc1ptsyntamu5hzverthy6alxnkfy452p7nvqph34ys7ekvvfpq5vjjqtfmkk7,1,1000,0.0048%
471,bc1q2l4a9q0qqmq8dlv09qd7hehjs28fvm80s7m86l,1,1000,0.0048%
472,bc1pd0pjtehan4pwf0yqau20dk2juvaf2xfejcavjlw07tzcm85t3tssccn9ug,1,1000,0.0048%
473,bc1pj4vhq6qqz3tflel6f88kdfx5jh74rw7wysqqfw64a7772dja05fqjft76f,1,1000,0.0048%
474,bc1pased3t4zkjrp3fc0pdk2cx9k6mrud9vfnyjhl0yywall3qu424dq4wshaq,1,1000,0.0048%
475,bc1p6mtwp95gnacssyylsztw0rjl598xcg234xdysqmaum5096vsluxs8zfvc7,1,1000,0.0048%
476,bc1pa64lxz5z27rk48nslx4xgje56xhdazr53y3pcjtxulu0ts794avsj5nm6q,1,1000,0.0048%
477,bc1p9nyut5a8xr2rmrzm8hgqcu99kptx9ls76yqnwthzfjauslj5v2hqy3f6jt,1,1000,0.0048%
478,bc1pz39a8ezzmme3230nahufc0t34fk53vztxxa6ps55ykzq7g9dh4nq0x8lyq,1,1000,0.0048%
479,bc1psawp9revhmsq6scu3vz2ctk9dw2avn0q6fpkke0mvsqujadww28qzn2w4v,1,1000,0.0048%
480,bc1pw5w23rx85zrhm02wrc74wv0jtye5520phkger5gelh9lysmw38uqxztd5u,1,1000,0.0048%
481,bc1pxa5e9406jhw5huzkqyu8v02x4uwjr9fgpttr0y8jqrlvvy6wjenqtasy8v,1,1000,0.0048%
482,bc1pdg788r6y60s8gh5sqfv0ndr2azvnnacushk9e9dq6uzujuqk3r9saf8n8n,1,1000,0.0048%
483,bc1p4wa6u48gzt7zmr7jejug2lctlze6myh9dx7hl9dr7e0ua2lau9psh47yp9,1,1000,0.0048%
